{"Loss": 0.10960027140011856, "epoch": 7999, "_timestamp": 1663208906.40192, "_runtime": 80.51673102378845, "_step": 799, "gradients/layers.6.weight": {"_type": "histogram", "values": [1.0, 0.0, 0.0, 0.0, 0.0, 0.0, 1.0, 2.0, 0.0, 0.0, 0.0, 0.0, 0.0, 0.0, 0.0, 1.0, 1.0, 0.0, 1.0, 0.0, 0.0, 0.0, 0.0, 0.0, 1.0, 0.0, 0.0, 0.0, 1.0, 0.0, 0.0, 1.0, 0.0, 0.0, 0.0, 0.0, 1.0, 0.0, 0.0, 0.0, 0.0, 1.0, 0.0, 1.0, 0.0, 0.0, 0.0, 6.0, 1.0, 1.0, 2.0, 2.0, 0.0, 1.0, 0.0, 0.0, 1.0, 0.0, 1.0, 2.0, 0.0, 0.0, 1.0, 1.0], "bins": [-0.4192102551460266, -0.41031259298324585, -0.4014149308204651, -0.39251723885536194, -0.3836195766925812, -0.3747219145298004, -0.36582422256469727, -0.3569265604019165, -0.34802889823913574, -0.339131236076355, -0.3302335739135742, -0.32133588194847107, -0.3124382197856903, -0.30354055762290955, -0.2946428656578064, -0.28574520349502563, -0.2768475413322449, -0.2679498791694641, -0.25905221700668335, -0.2501545250415802, -0.24125686287879944, -0.23235920071601868, -0.22346152365207672, -0.21456384658813477, -0.205666184425354, -0.19676852226257324, -0.1878708451986313, -0.17897316813468933, -0.17007550597190857, -0.1611778438091278, -0.15228016674518585, -0.1433824896812439, -0.13448485732078552, -0.12558719515800476, -0.1166895180940628, -0.10779184848070145, -0.09889417886734009, -0.08999650925397873, -0.08109883964061737, -0.07220117002725601, -0.06330350041389465, -0.054405830800533295, -0.045508161187171936, -0.03661049157381058, -0.02771282196044922, -0.01881515234708786, -0.009917482733726501, -0.0010198131203651428, 0.007877856492996216, 0.016775526106357574, 0.025673195719718933, 0.03457086533308029, 0.04346853494644165, 0.05236620455980301, 0.06126387417316437, 0.07016154378652573, 0.07905921339988708, 0.08795688301324844, 0.0968545526266098, 0.10575222223997116, 0.11464989185333252, 0.12354756146669388, 0.13244523108005524, 0.1413429081439972, 0.15024057030677795]}, "gradients/layers.4.weight": {"_type": "histogram", "values": [1.0, 0.0, 0.0, 0.0, 0.0, 0.0, 0.0, 1.0, 0.0, 1.0, 0.0, 1.0, 1.0, 1.0, 1.0, 1.0, 4.0, 1.0, 4.0, 4.0, 3.0, 2.0, 2.0, 5.0, 1.0, 1.0, 1.0, 3.0, 8.0, 8.0, 10.0, 42.0, 306.0, 28.0, 14.0, 13.0, 2.0, 6.0, 2.0, 7.0, 3.0, 2.0, 2.0, 1.0, 1.0, 3.0, 0.0, 1.0, 0.0, 1.0, 2.0, 1.0, 2.0, 0.0, 2.0, 0.0, 2.0, 1.0, 0.0, 0.0, 1.0, 0.0, 1.0, 1.0], "bins": [-0.03174038231372833, -0.030757540836930275, -0.029774699360132217, -0.02879185602068901, -0.027809014543890953, -0.026826173067092896, -0.02584332972764969, -0.02486048825085163, -0.023877646774053574, -0.022894805297255516, -0.02191196382045746, -0.02092912048101425, -0.019946279004216194, -0.018963437527418137, -0.01798059418797493, -0.016997752711176872, -0.016014911234378815, -0.015032069757580757, -0.014049227349460125, -0.013066384941339493, -0.012083543464541435, -0.011100701987743378, -0.010117859579622746, -0.009135017171502113, -0.008152175694704056, -0.007169333752244711, -0.006186491809785366, -0.005203649867326021, -0.004220807924866676, -0.0032379659824073315, -0.0022551240399479866, -0.0012722820974886417, -0.0002894364297389984, 0.0006934055127203465, 0.0016762474551796913, 0.002659089397639036, 0.003641931340098381, 0.004624773282557726, 0.005607615225017071, 0.006590457167476416, 0.0075732991099357605, 0.008556140586733818, 0.00953898299485445, 0.010521825402975082, 0.01150466687977314, 0.012487508356571198, 0.01347035076469183, 0.014453193172812462, 0.01543603464961052, 0.016418876126408577, 0.017401717603206635, 0.01838456094264984, 0.0193674024194479, 0.020350243896245956, 0.021333087235689163, 0.02231592871248722, 0.02329877018928528, 0.024281611666083336, 0.025264453142881393, 0.0262472964823246, 0.027230137959122658, 0.028212979435920715, 0.029195822775363922, 0.03017866425216198, 0.031161505728960037]}, "gradients/layers.2.weight": {"_type": "histogram", "values": [1.0, 0.0, 0.0, 0.0, 0.0, 1.0, 0.0, 0.0, 0.0, 0.0, 0.0, 0.0, 0.0, 0.0, 0.0, 0.0, 0.0, 1.0, 0.0, 0.0, 0.0, 0.0, 1.0, 0.0, 0.0, 1.0, 1.0, 0.0, 0.0, 1.0, 2.0, 1.0, 2.0, 1.0, 3.0, 3.0, 1.0, 10.0, 12.0, 10.0, 25.0, 44.0, 296.0, 29.0, 8.0, 9.0, 11.0, 9.0, 4.0, 5.0, 2.0, 5.0, 1.0, 1.0, 2.0, 2.0, 3.0, 0.0, 0.0, 2.0, 0.0, 1.0, 0.0, 1.0], "bins": [-0.0354333333671093, -0.034590814262628555, -0.03374829515814781, -0.03290577232837677, -0.03206325322389603, -0.031220734119415283, -0.03037821501493454, -0.029535695910453796, -0.028693176805973053, -0.02785065770149231, -0.027008136734366417, -0.026165617629885674, -0.02532309852540493, -0.024480577558279037, -0.023638058453798294, -0.02279553934931755, -0.021953018382191658, -0.021110499277710915, -0.020267978310585022, -0.01942545920610428, -0.018582940101623535, -0.017740420997142792, -0.0168979000300169, -0.016055380925536156, -0.015212859958410263, -0.014370339922606945, -0.013527820818126202, -0.012685300782322884, -0.01184278167784214, -0.011000261642038822, -0.010157741606235504, -0.00931522250175476, -0.008472703397274017, -0.007630183827131987, -0.006787664256989956, -0.005945144221186638, -0.005102624651044607, -0.0042601050809025764, -0.0034175850450992584, -0.0025750654749572277, -0.0017325468361377716, -0.0008900271495804191, -4.750746302306652e-05, 0.0007950123399496078, 0.0016375319100916386, 0.0024800514802336693, 0.0033225715160369873, 0.004165091086179018, 0.005007611587643623, 0.005850131157785654, 0.006692650727927685, 0.007535170763731003, 0.008377689868211746, 0.009220209904015064, 0.010062729939818382, 0.010905249044299126, 0.011747769080102444, 0.012590289115905762, 0.013432808220386505, 0.014275328256189823, 0.015117848291993141, 0.015960367396473885, 0.016802888363599777, 0.01764540746808052, 0.018487926572561264]}, "gradients/layers.0.weight": {"_type": "histogram", "values": [1.0, 0.0, 0.0, 0.0, 0.0, 0.0, 0.0, 1.0, 0.0, 0.0, 0.0, 0.0, 0.0, 0.0, 0.0, 1.0, 0.0, 0.0, 0.0, 0.0, 1.0, 0.0, 0.0, 1.0, 0.0, 1.0, 0.0, 1.0, 2.0, 1.0, 6.0, 6.0, 5.0, 15.0, 447.0, 7.0, 2.0, 2.0, 4.0, 0.0, 2.0, 0.0, 1.0, 1.0, 0.0, 0.0, 0.0, 0.0, 1.0, 0.0, 0.0, 0.0, 0.0, 1.0, 0.0, 1.0, 0.0, 0.0, 0.0, 0.0, 0.0, 0.0, 0.0, 1.0], "bins": [-0.08887485414743423, -0.08627267926931381, -0.08367050439119339, -0.08106833696365356, -0.07846616208553314, -0.07586398720741272, -0.0732618123292923, -0.07065963745117188, -0.06805746257305145, -0.06545528769493103, -0.06285311281681061, -0.060250941663980484, -0.05764877051115036, -0.05504659563302994, -0.052444420754909515, -0.04984224587678909, -0.04724007844924927, -0.044637903571128845, -0.04203573241829872, -0.0394335575401783, -0.036831386387348175, -0.03422921150922775, -0.03162703663110733, -0.029024863615632057, -0.026422690600156784, -0.02382051758468151, -0.021218344569206238, -0.018616169691085815, -0.016013996675610542, -0.01341182366013527, -0.010809649713337421, -0.008207475766539574, -0.005605295300483704, -0.003003121819347143, -0.00040094833821058273, 0.0022012251429259777, 0.004803398624062538, 0.007405571639537811, 0.010007745586335659, 0.012609919533133507, 0.01521209254860878, 0.017814265564084053, 0.020416438579559326, 0.02301861345767975, 0.02562078647315502, 0.028222959488630295, 0.030825134366750717, 0.03342730551958084, 0.03602948039770126, 0.038631655275821686, 0.04123382642865181, 0.04383600130677223, 0.046438172459602356, 0.04904034733772278, 0.0516425222158432, 0.05424469709396362, 0.05684686824679375, 0.05944904312491417, 0.06205121427774429, 0.06465338915586472, 0.06725556403398514, 0.06985773146152496, 0.07245990633964539, 0.07506208121776581, 0.07766425609588623]}, "_wandb": {"runtime": 79}}