{"gradients/layers.6.weight": {"_type": "histogram", "values": [1.0, 0.0, 1.0, 0.0, 0.0, 0.0, 0.0, 0.0, 0.0, 0.0, 0.0, 0.0, 0.0, 0.0, 0.0, 0.0, 0.0, 0.0, 0.0, 0.0, 0.0, 1.0, 0.0, 0.0, 0.0, 0.0, 2.0, 0.0, 0.0, 0.0, 0.0, 0.0, 0.0, 1.0, 0.0, 3.0, 1.0, 1.0, 0.0, 3.0, 11.0, 2.0, 1.0, 0.0, 0.0, 0.0, 0.0, 0.0, 1.0, 1.0, 0.0, 0.0, 0.0, 0.0, 0.0, 1.0, 0.0, 0.0, 0.0, 0.0, 0.0, 0.0, 0.0, 1.0], "bins": [-0.00740071851760149, -0.007219025399535894, -0.007037332281470299, -0.0068556396290659904, -0.006673946511000395, -0.006492253392934799, -0.006310560274869204, -0.006128867156803608, -0.0059471745043993, -0.005765481386333704, -0.005583788268268108, -0.0054020956158638, -0.005220402497798204, -0.005038709379732609, -0.004857016261667013, -0.0046753231436014175, -0.004493630491197109, -0.004311937373131514, -0.004130244255065918, -0.00394855160266161, -0.003766858484596014, -0.0035851653665304184, -0.0034034722484648228, -0.003221779363229871, -0.0030400860123336315, -0.002858392894268036, -0.002676700009033084, -0.0024950068909674883, -0.0023133140057325363, -0.0021316208876669407, -0.0019499278860166669, -0.001768234884366393, -0.0015865419991314411, -0.0014048489974811673, -0.0012231559958308935, -0.0010414628777652979, -0.000859769934322685, -0.0006780769326724112, -0.0004963838728144765, -0.0003146908711642027, -0.00013299798592925072, 4.869503027293831e-05, 0.00023038804647512734, 0.0004120810772292316, 0.0005937740788795054, 0.0007754670805297792, 0.0009571601403877139, 0.0011388531420379877, 0.0013205462601035833, 0.0015022392617538571, 0.001683932263404131, 0.0018656253814697266, 0.0020473182667046785, 0.002229011384770274, 0.002410704270005226, 0.0025923973880708218, 0.0027740905061364174, 0.002955783624202013, 0.003137476509436965, 0.0033191696275025606, 0.0035008625127375126, 0.003682555630803108, 0.003864248748868704, 0.0040459418669342995, 0.004227634519338608]}, "_timestamp": 1663208367.5214555, "gradients/layers.4.weight": {"_type": "histogram", "values": [1.0, 0.0, 0.0, 0.0, 1.0, 0.0, 0.0, 0.0, 0.0, 0.0, 1.0, 0.0, 1.0, 0.0, 2.0, 0.0, 1.0, 1.0, 2.0, 3.0, 1.0, 2.0, 4.0, 2.0, 4.0, 2.0, 5.0, 11.0, 9.0, 6.0, 11.0, 12.0, 12.0, 17.0, 22.0, 39.0, 253.0, 23.0, 11.0, 8.0, 5.0, 7.0, 5.0, 3.0, 4.0, 4.0, 2.0, 1.0, 2.0, 0.0, 1.0, 2.0, 2.0, 1.0, 0.0, 1.0, 0.0, 3.0, 0.0, 0.0, 0.0, 0.0, 0.0, 2.0], "bins": [-0.0032649897038936615, -0.0031752304639667273, -0.003085471224039793, -0.0029957119841128588, -0.0029059527441859245, -0.0028161935042589903, -0.002726434264332056, -0.0026366752572357655, -0.0025469157844781876, -0.0024571565445512533, -0.002367397304624319, -0.002277638064697385, -0.0021878788247704506, -0.0020981195848435163, -0.002008360344916582, -0.0019186012214049697, -0.0018288420978933573, -0.001739082857966423, -0.0016493236180394888, -0.0015595643781125546, -0.0014698051381856203, -0.001380045898258686, -0.0012902867747470737, -0.0012005275348201394, -0.001110768411308527, -0.0010210091713815928, -0.0009312499314546585, -0.0008414907497353852, -0.0007517315098084509, -0.0006619722698815167, -0.0005722130881622434, -0.0004824538482353091, -0.0003926947247236967, -0.00030293548479676247, -0.00021317627397365868, -0.0001234170631505549, -3.365782322362065e-05, 5.610141670331359e-05, 0.00014586059842258692, 0.00023561983834952116, 0.00032537919469177723, 0.00041513843461871147, 0.0005048976745456457, 0.000594656856264919, 0.0006844160961918533, 0.0007741753361187875, 0.0008639345178380609, 0.0009536937577649951, 0.0010434528812766075, 0.0011332121212035418, 0.001222971361130476, 0.0013127306010574102, 0.0014024898409843445, 0.0014922490809112787, 0.0015820082044228911, 0.0016717674443498254, 0.0017615266842767596, 0.0018512859242036939, 0.0019410451641306281, 0.0020308042876422405, 0.0021205635275691748, 0.002210322767496109, 0.0023000820074230433, 0.0023898412473499775, 0.0024796004872769117]}, "gradients/layers.2.weight": {"_type": "histogram", "values": [1.0, 0.0, 0.0, 0.0, 0.0, 0.0, 0.0, 1.0, 0.0, 2.0, 0.0, 0.0, 0.0, 0.0, 0.0, 2.0, 1.0, 1.0, 1.0, 0.0, 2.0, 0.0, 2.0, 0.0, 3.0, 3.0, 2.0, 3.0, 5.0, 9.0, 8.0, 15.0, 10.0, 26.0, 29.0, 24.0, 35.0, 47.0, 168.0, 39.0, 21.0, 7.0, 11.0, 11.0, 1.0, 2.0, 3.0, 2.0, 2.0, 1.0, 1.0, 2.0, 1.0, 1.0, 0.0, 1.0, 1.0, 1.0, 2.0, 0.0, 0.0, 0.0, 0.0, 2.0], "bins": [-0.00305531220510602, -0.00297609344124794, -0.0028968744445592165, -0.0028176556807011366, -0.0027384369168430567, -0.002659217920154333, -0.002579999156296253, -0.0025007803924381733, -0.0024215613957494497, -0.00234234263189137, -0.0022631236352026463, -0.0021839048713445663, -0.0021046861074864864, -0.002025467110797763, -0.001946248346939683, -0.0018670294666662812, -0.0017878107028082013, -0.0017085918225347996, -0.0016293730586767197, -0.001550154178403318, -0.0014709352981299162, -0.0013917165342718363, -0.0013124976539984345, -0.0012332787737250328, -0.001154060009866953, -0.0010748411295935512, -0.0009956223657354712, -0.0009164034854620695, -0.0008371846051886678, -0.000757965783122927, -0.0006787469610571861, -0.0005995280807837844, -0.0005203092005103827, -0.00044109034934081137, -0.0003618714981712401, -0.00028265267610549927, -0.000203433824935928, -0.0001242149737663567, -4.499615170061588e-05, 3.4222728572785854e-05, 0.00011344160884618759, 0.00019266046001575887, 0.00027187931118533015, 0.000351098133251071, 0.00043031698442064226, 0.0005095358355902135, 0.0005887546576559544, 0.0006679735379293561, 0.000747192301787436, 0.0008264111238531768, 0.0009056300041265786, 0.0009848488261923194, 0.0010640677064657211, 0.001143286470323801, 0.0012225053505972028, 0.0013017242308706045, 0.0013809429947286844, 0.0014601618750020862, 0.001539380638860166, 0.0016185995191335678, 0.0016978183994069695, 0.0017770372796803713, 0.0018562560435384512, 0.001935474923811853, 0.0020146938040852547]}, "gradients/layers.0.weight": {"_type": "histogram", "values": [1.0, 0.0, 0.0, 0.0, 0.0, 0.0, 0.0, 0.0, 0.0, 0.0, 0.0, 0.0, 1.0, 0.0, 0.0, 0.0, 0.0, 0.0, 0.0, 1.0, 0.0, 0.0, 0.0, 1.0, 1.0, 0.0, 1.0, 1.0, 2.0, 1.0, 2.0, 3.0, 6.0, 8.0, 4.0, 5.0, 4.0, 414.0, 16.0, 3.0, 8.0, 2.0, 3.0, 4.0, 2.0, 1.0, 3.0, 1.0, 2.0, 0.0, 3.0, 1.0, 3.0, 1.0, 1.0, 0.0, 0.0, 1.0, 0.0, 0.0, 0.0, 0.0, 0.0, 1.0], "bins": [-0.00913593452423811, -0.008894489146769047, -0.008653043769299984, -0.008411599323153496, -0.008170153945684433, -0.00792870856821537, -0.007687263190746307, -0.007445817813277245, -0.007204372901469469, -0.006962927524000406, -0.006721482612192631, -0.006480037234723568, -0.006238591857254505, -0.00599714694544673, -0.005755701567977667, -0.005514256656169891, -0.0052728112787008286, -0.005031365901231766, -0.00478992098942399, -0.0045484756119549274, -0.004307030700147152, -0.004065585322678089, -0.0038241399452090263, -0.003582694800570607, -0.003341249655932188, -0.003099804511293769, -0.0028583593666553497, -0.002616913989186287, -0.0023754688445478678, -0.0021340236999094486, -0.0018925784388557076, -0.0016511331778019667, -0.0014096880331635475, -0.0011682428885251284, -0.0009267976274713874, -0.0006853524246253073, -0.00044390722177922726, -0.0002024620771408081, 3.898318391293287e-05, 0.00028042844496667385, 0.000521873589605093, 0.0007633187924511731, 0.0010047639952972531, 0.0012462092563509941, 0.0014876544009894133, 0.0017290995456278324, 0.0019705449230968952, 0.0022119900677353144, 0.0024534352123737335, 0.0026948803570121527, 0.002936325501650572, 0.0031777708791196346, 0.0034192160237580538, 0.003660661168396473, 0.0039021065458655357, 0.0041435519233345985, 0.004384996835142374, 0.004626442212611437, 0.004867887124419212, 0.005109332501888275, 0.005350777879357338, 0.0055922227911651134, 0.005833668168634176, 0.006075113080441952, 0.0063165584579110146]}, "_runtime": 3.8632125854492188, "_step": 0, "_wandb": {"runtime": 3}}