{"Loss": 0.13202242147940108, "epoch": 2999, "_timestamp": 1663208813.6918736, "_runtime": 31.960238456726074, "_step": 299, "gradients/layers.6.weight": {"_type": "histogram", "values": [1.0, 0.0, 0.0, 0.0, 1.0, 2.0, 0.0, 0.0, 0.0, 0.0, 0.0, 1.0, 1.0, 1.0, 2.0, 0.0, 1.0, 1.0, 1.0, 0.0, 0.0, 0.0, 0.0, 0.0, 0.0, 0.0, 0.0, 0.0, 0.0, 0.0, 0.0, 0.0, 0.0, 0.0, 0.0, 0.0, 0.0, 0.0, 0.0, 0.0, 0.0, 0.0, 0.0, 0.0, 0.0, 0.0, 0.0, 8.0, 0.0, 0.0, 0.0, 0.0, 0.0, 0.0, 0.0, 0.0, 0.0, 1.0, 3.0, 3.0, 1.0, 2.0, 1.0, 1.0], "bins": [-1.0124187469482422, -0.9912250638008118, -0.9700313210487366, -0.9488376379013062, -0.927643895149231, -0.9064502120018005, -0.8852565288543701, -0.8640627861022949, -0.8428690433502197, -0.8216753602027893, -0.8004816174507141, -0.7792879343032837, -0.7580941915512085, -0.7369005084037781, -0.7157068252563477, -0.6945130825042725, -0.673319399356842, -0.6521257162094116, -0.6309319734573364, -0.609738290309906, -0.5885445475578308, -0.5673508644104004, -0.5461571216583252, -0.5249634385108948, -0.5037697553634644, -0.48257604241371155, -0.46138232946395874, -0.4401886463165283, -0.4189949035644531, -0.3978012204170227, -0.3766075074672699, -0.3554137945175171, -0.3342200517654419, -0.3130263388156891, -0.2918326258659363, -0.27063894271850586, -0.24944521486759186, -0.22825150191783905, -0.20705780386924744, -0.18586409091949463, -0.16467034816741943, -0.14347663521766663, -0.12228292971849442, -0.1010892242193222, -0.0798955112695694, -0.05870179831981659, -0.037508100271224976, -0.016314387321472168, 0.004879295825958252, 0.02607300505042076, 0.04726671427488327, 0.06846041977405548, 0.08965413272380829, 0.1108478456735611, 0.1320415437221527, 0.15323525667190552, 0.17442896962165833, 0.19562268257141113, 0.21681639552116394, 0.23801009356975555, 0.25920379161834717, 0.28039753437042236, 0.3015912175178528, 0.3227849304676056, 0.3439786434173584]}, "gradients/layers.4.weight": {"_type": "histogram", "values": [3.0, 0.0, 1.0, 6.0, 4.0, 6.0, 5.0, 3.0, 5.0, 7.0, 6.0, 12.0, 6.0, 7.0, 12.0, 12.0, 10.0, 10.0, 13.0, 10.0, 7.0, 9.0, 14.0, 16.0, 16.0, 13.0, 2.0, 6.0, 175.0, 4.0, 0.0, 2.0, 0.0, 0.0, 2.0, 8.0, 3.0, 1.0, 2.0, 8.0, 8.0, 2.0, 3.0, 3.0, 2.0, 6.0, 1.0, 6.0, 4.0, 1.0, 3.0, 6.0, 6.0, 7.0, 6.0, 3.0, 2.0, 6.0, 1.0, 1.0, 4.0, 2.0, 0.0, 3.0], "bins": [-0.07499668002128601, -0.07241058349609375, -0.06982448697090149, -0.06723839789628983, -0.06465230137109756, -0.062066204845905304, -0.05948011204600334, -0.05689401924610138, -0.05430792272090912, -0.05172182619571686, -0.049135733395814896, -0.04654964059591293, -0.04396354407072067, -0.04137744754552841, -0.03879135474562645, -0.03620526194572449, -0.03361916542053223, -0.031033070757985115, -0.028446976095438004, -0.025860881432890892, -0.02327478677034378, -0.02068869210779667, -0.018102597445249557, -0.015516502782702446, -0.012930408120155334, -0.010344313457608223, -0.0077582187950611115, -0.005172124132514, -0.0025860294699668884, 6.51925802230835e-08, 0.0025861598551273346, 0.005172254517674446, 0.007758341729640961, 0.010344436392188072, 0.012930531054735184, 0.015516625717282295, 0.018102720379829407, 0.020688815042376518, 0.02327490970492363, 0.02586100436747074, 0.028447099030017853, 0.031033193692564964, 0.033619288355112076, 0.03620538115501404, 0.0387914776802063, 0.04137757420539856, 0.04396366700530052, 0.046549759805202484, 0.049135856330394745, 0.051721952855587006, 0.05430804565548897, 0.05689413845539093, 0.05948023498058319, 0.06206633150577545, 0.06465242803096771, 0.06723851710557938, 0.06982461363077164, 0.0724107101559639, 0.07499679923057556, 0.07758289575576782, 0.08016899228096008, 0.08275508880615234, 0.0853411853313446, 0.08792727440595627, 0.09051337093114853]}, "gradients/layers.2.weight": {"_type": "histogram", "values": [1.0, 0.0, 0.0, 0.0, 1.0, 1.0, 1.0, 0.0, 0.0, 2.0, 0.0, 1.0, 2.0, 0.0, 5.0, 0.0, 2.0, 3.0, 4.0, 4.0, 6.0, 3.0, 7.0, 10.0, 10.0, 11.0, 18.0, 15.0, 15.0, 28.0, 23.0, 21.0, 23.0, 1.0, 76.0, 9.0, 14.0, 18.0, 25.0, 18.0, 19.0, 18.0, 10.0, 12.0, 18.0, 9.0, 7.0, 4.0, 5.0, 6.0, 6.0, 2.0, 1.0, 3.0, 2.0, 2.0, 3.0, 1.0, 2.0, 2.0, 0.0, 1.0, 0.0, 1.0], "bins": [-0.03328348323702812, -0.03231651335954666, -0.0313495397567749, -0.030382568016648293, -0.029415596276521683, -0.028448624536395073, -0.027481652796268463, -0.026514681056141853, -0.025547709316015244, -0.024580737575888634, -0.023613765835762024, -0.022646794095635414, -0.021679822355508804, -0.020712850615382195, -0.019745878875255585, -0.018778907135128975, -0.017811935395002365, -0.016844963654875755, -0.015877991914749146, -0.014911020174622536, -0.013944048434495926, -0.012977076694369316, -0.012010104954242706, -0.011043133214116096, -0.010076161473989487, -0.009109189733862877, -0.008142217993736267, -0.007175246253609657, -0.0062082745134830475, -0.005241302773356438, -0.004274331033229828, -0.003307359293103218, -0.0023403894156217575, -0.0013734176754951477, -0.0004064459353685379, 0.0005605258047580719, 0.0015274975448846817, 0.0024944692850112915, 0.0034614410251379013, 0.004428412765264511, 0.005395384505391121, 0.006362356245517731, 0.0073293279856443405, 0.00829629972577095, 0.00926327146589756, 0.01023024320602417, 0.01119721494615078, 0.01216418668627739, 0.013131158426404, 0.014098130166530609, 0.015065101906657219, 0.01603207364678383, 0.01699904538691044, 0.01796601712703705, 0.018932988867163658, 0.019899960607290268, 0.020866932347416878, 0.021833904087543488, 0.022800875827670097, 0.023767847567796707, 0.024734819307923317, 0.025701791048049927, 0.026668762788176537, 0.027635734528303146, 0.028602706268429756]}, "gradients/layers.0.weight": {"_type": "histogram", "values": [1.0, 0.0, 0.0, 0.0, 0.0, 0.0, 0.0, 0.0, 0.0, 0.0, 0.0, 0.0, 0.0, 0.0, 0.0, 0.0, 0.0, 0.0, 0.0, 0.0, 0.0, 3.0, 2.0, 0.0, 0.0, 0.0, 1.0, 3.0, 3.0, 3.0, 5.0, 4.0, 24.0, 441.0, 4.0, 3.0, 6.0, 0.0, 1.0, 1.0, 0.0, 3.0, 1.0, 0.0, 1.0, 0.0, 0.0, 0.0, 0.0, 0.0, 0.0, 0.0, 0.0, 0.0, 0.0, 0.0, 0.0, 1.0, 0.0, 0.0, 0.0, 0.0, 0.0, 1.0], "bins": [-0.09116709977388382, -0.08842042833566666, -0.08567376434803009, -0.08292709290981293, -0.08018042147159576, -0.0774337500333786, -0.07468708604574203, -0.07194041460752487, -0.0691937506198883, -0.06644707918167114, -0.06370041519403458, -0.06095374375581741, -0.05820707231760025, -0.055460404604673386, -0.05271373689174652, -0.04996706545352936, -0.047220394015312195, -0.04447372630238533, -0.04172705486416817, -0.0389803871512413, -0.03623371571302414, -0.033487048000097275, -0.03074038028717041, -0.027993710711598396, -0.02524704486131668, -0.022500375285744667, -0.019753705710172653, -0.01700703799724579, -0.014260368421673775, -0.01151369884610176, -0.008767031133174896, -0.006020361557602882, -0.003273680806159973, -0.0005270116962492466, 0.00221965741366148, 0.004966326057910919, 0.007712995633482933, 0.010459665209054947, 0.013206332921981812, 0.015953002497553825, 0.018699675798416138, 0.02144634537398815, 0.024193014949560165, 0.02693968266248703, 0.029686352238059044, 0.03243302181363106, 0.03517968952655792, 0.037926360964775085, 0.04067302495241165, 0.043419692665338516, 0.04616636410355568, 0.048913031816482544, 0.05165970325469971, 0.05440637096762657, 0.057153038680553436, 0.0598997101187706, 0.06264637410640717, 0.06539304554462433, 0.0681397095322609, 0.07088638097047806, 0.07363305240869522, 0.07637971639633179, 0.07912638783454895, 0.08187305927276611, 0.08461973071098328]}, "_wandb": {"runtime": 31}}