{"Loss": 0.41756220607097366, "epoch": 299, "_timestamp": 1663208577.3893366, "_runtime": 3.9729466438293457, "_step": 29, "gradients/layers.6.weight": {"_type": "histogram", "values": [1.0, 1.0, 0.0, 0.0, 1.0, 1.0, 0.0, 0.0, 1.0, 0.0, 1.0, 0.0, 0.0, 0.0, 0.0, 0.0, 0.0, 0.0, 0.0, 1.0, 0.0, 0.0, 0.0, 0.0, 0.0, 0.0, 0.0, 1.0, 7.0, 1.0, 2.0, 1.0, 2.0, 1.0, 3.0, 0.0, 0.0, 0.0, 0.0, 0.0, 0.0, 0.0, 0.0, 0.0, 0.0, 0.0, 0.0, 1.0, 0.0, 0.0, 1.0, 1.0, 0.0, 1.0, 1.0, 0.0, 0.0, 0.0, 1.0, 0.0, 0.0, 0.0, 0.0, 1.0], "bins": [-0.010831955820322037, -0.01045603770762682, -0.010080119594931602, -0.009704201482236385, -0.009328283369541168, -0.008952364325523376, -0.00857644621282816, -0.008200528100132942, -0.007824609987437725, -0.007448691874742508, -0.007072773762047291, -0.006696855183690786, -0.006320937070995569, -0.005945018958300352, -0.005569100379943848, -0.0051931822672486305, -0.004817264154553413, -0.004441346041858196, -0.004065427929162979, -0.0036895093508064747, -0.0033135912381112576, -0.0029376731254160404, -0.0025617547798901796, -0.002185836434364319, -0.0018099183216691017, -0.0014340000925585628, -0.0010580818634480238, -0.0006821636343374848, -0.0003062454052269459, 6.967282388359308e-05, 0.00044559105299413204, 0.0008215093985199928, 0.0011974284425377846, 0.0015733466716483235, 0.0019492649007588625, 0.0023251832462847233, 0.0027011013589799404, 0.0030770194716751575, 0.0034529378172010183, 0.003828856162726879, 0.004204774275422096, 0.004580692388117313, 0.0049566105008125305, 0.005332529079169035, 0.005708447191864252, 0.006084365304559469, 0.006460283882915974, 0.006836201995611191, 0.007212120108306408, 0.007588038221001625, 0.007963956333696842, 0.00833987444639206, 0.008715793490409851, 0.009091711603105068, 0.009467629715800285, 0.009843547828495502, 0.01021946594119072, 0.010595384053885937, 0.010971302166581154, 0.011347220279276371, 0.011723138391971588, 0.01209905743598938, 0.012474975548684597, 0.012850893661379814, 0.013226811774075031]}, "gradients/layers.4.weight": {"_type": "histogram", "values": [1.0, 1.0, 0.0, 0.0, 0.0, 0.0, 0.0, 0.0, 1.0, 0.0, 0.0, 1.0, 2.0, 0.0, 1.0, 3.0, 2.0, 1.0, 1.0, 2.0, 0.0, 3.0, 5.0, 2.0, 4.0, 3.0, 4.0, 8.0, 3.0, 5.0, 7.0, 5.0, 8.0, 11.0, 11.0, 8.0, 21.0, 20.0, 15.0, 37.0, 44.0, 115.0, 31.0, 24.0, 22.0, 13.0, 6.0, 17.0, 11.0, 6.0, 2.0, 7.0, 3.0, 3.0, 4.0, 0.0, 2.0, 2.0, 2.0, 0.0, 1.0, 0.0, 0.0, 1.0], "bins": [-0.0056528388522565365, -0.005517010111361742, -0.005381181836128235, -0.00524535309523344, -0.005109524354338646, -0.0049736956134438515, -0.004837866872549057, -0.00470203859731555, -0.004566209856420755, -0.004430381115525961, -0.004294552840292454, -0.004158724099397659, -0.004022895358502865, -0.0038870666176080704, -0.0037512381095439196, -0.0036154096014797688, -0.0034795808605849743, -0.00334375211969018, -0.003207923611626029, -0.003072095103561878, -0.0029362663626670837, -0.0028004376217722893, -0.0026646091137081385, -0.0025287806056439877, -0.002392951864749193, -0.0022571231238543987, -0.002121294615790248, -0.001985466107726097, -0.0018496373668313026, -0.00171380874235183, -0.0015779801178723574, -0.0014421514933928847, -0.001306322868913412, -0.0011704942444339395, -0.0010346656199544668, -0.0008988369954749942, -0.0007630083709955215, -0.0006271797465160489, -0.0004913511220365763, -0.00035552249755710363, -0.000219693873077631, -8.386524859815836e-05, 5.196337588131428e-05, 0.00018779200036078691, 0.00032362062484025955, 0.0004594492493197322, 0.0005952778737992048, 0.0007311064982786775, 0.0008669351227581501, 0.0010027637472376227, 0.0011385923717170954, 0.001274420996196568, 0.0014102496206760406, 0.0015460782451555133, 0.001681906869634986, 0.0018177354941144586, 0.001953564118593931, 0.0020893928594887257, 0.0022252213675528765, 0.0023610498756170273, 0.0024968786165118217, 0.002632707357406616, 0.002768535865470767, 0.002904364373534918, 0.0030401931144297123]}, "gradients/layers.2.weight": {"_type": "histogram", "values": [2.0, 0.0, 0.0, 0.0, 2.0, 3.0, 2.0, 0.0, 0.0, 1.0, 2.0, 1.0, 2.0, 1.0, 4.0, 2.0, 3.0, 4.0, 7.0, 3.0, 4.0, 5.0, 13.0, 8.0, 10.0, 21.0, 17.0, 33.0, 56.0, 52.0, 77.0, 76.0, 22.0, 11.0, 14.0, 11.0, 6.0, 6.0, 9.0, 5.0, 4.0, 2.0, 1.0, 3.0, 1.0, 2.0, 0.0, 0.0, 0.0, 0.0, 0.0, 0.0, 1.0, 0.0, 0.0, 0.0, 0.0, 0.0, 0.0, 0.0, 0.0, 1.0, 0.0, 2.0], "bins": [-0.005641032941639423, -0.005459347274154425, -0.005277661606669426, -0.005095976404845715, -0.004914290737360716, -0.004732605069875717, -0.0045509194023907185, -0.00436923373490572, -0.004187548533082008, -0.00400586286559701, -0.0038241774309426546, -0.003642491763457656, -0.003460806328803301, -0.003279120661318302, -0.0030974349938333035, -0.0029157493263483047, -0.002734063658863306, -0.0025523779913783073, -0.0023706925567239523, -0.0021890068892389536, -0.0020073214545845985, -0.0018256357870995998, -0.0016439501196146011, -0.0014622645685449243, -0.0012805787846446037, -0.0010988932335749269, -0.0009172076242975891, -0.0007355220150202513, -0.0005538364639505744, -0.0003721509128808975, -0.00019046524539589882, -8.779694326221943e-06, 0.0001729060895740986, 0.0003545916697476059, 0.0005362772499211133, 0.000717962859198451, 0.0008996484102681279, 0.0010813339613378048, 0.0012630196288228035, 0.0014447051798924804, 0.0016263904981315136, 0.0018080760492011905, 0.0019897616002708673, 0.002171447267755866, 0.002353132702410221, 0.00253481836989522, 0.0027165040373802185, 0.002898189704865217, 0.003079875372350216, 0.0032615610398352146, 0.0034432464744895697, 0.0036249321419745684, 0.0038066175766289234, 0.003988303244113922, 0.004169988911598921, 0.0043516745790839195, 0.004533359780907631, 0.00471504544839263, 0.004896731115877628, 0.00507841631770134, 0.005260101985186338, 0.005441787652671337, 0.005623473320156336, 0.0058051589876413345, 0.005986844655126333]}, "gradients/layers.0.weight": {"_type": "histogram", "values": [1.0, 0.0, 1.0, 0.0, 0.0, 0.0, 2.0, 0.0, 2.0, 0.0, 1.0, 0.0, 1.0, 2.0, 1.0, 0.0, 1.0, 2.0, 4.0, 9.0, 1.0, 5.0, 7.0, 14.0, 423.0, 9.0, 4.0, 4.0, 1.0, 3.0, 4.0, 1.0, 2.0, 0.0, 2.0, 1.0, 1.0, 0.0, 1.0, 0.0, 1.0, 0.0, 0.0, 0.0, 0.0, 0.0, 0.0, 0.0, 0.0, 0.0, 0.0, 0.0, 0.0, 0.0, 0.0, 0.0, 0.0, 0.0, 0.0, 0.0, 0.0, 0.0, 0.0, 1.0], "bins": [-0.019281374290585518, -0.018481317907571793, -0.017681259661912918, -0.016881201416254044, -0.01608114503324032, -0.015281087718904018, -0.014481030404567719, -0.013680973090231419, -0.012880915775895119, -0.012080858461558819, -0.011280801147222519, -0.010480743832886219, -0.009680686518549919, -0.00888062920421362, -0.00808057188987732, -0.0072805145755410194, -0.0064804572612047195, -0.00568039994686842, -0.00488034263253212, -0.00408028531819582, -0.00328022800385952, -0.00248017068952322, -0.0016801133751869202, -0.0008800560608506203, -7.999874651432037e-05, 0.0007200585678219795, 0.0015201158821582794, 0.0023201731964945793, 0.003120230510830879, 0.003920287825167179, 0.004720345139503479, 0.005520402453839779, 0.006320461630821228, 0.007120518945157528, 0.007920576259493828, 0.008720633573830128, 0.009520690888166428, 0.010320748202502728, 0.011120805516839027, 0.011920862831175327, 0.012720920145511627, 0.013520977459847927, 0.014321034774184227, 0.015121092088520527, 0.015921149402856827, 0.0167212076485157, 0.017521264031529427, 0.018321320414543152, 0.019121378660202026, 0.0199214369058609, 0.020721493288874626, 0.02152154967188835, 0.022321607917547226, 0.0231216661632061, 0.023921722546219826, 0.02472177892923355, 0.025521837174892426, 0.0263218954205513, 0.027121951803565025, 0.02792200818657875, 0.028722066432237625, 0.0295221246778965, 0.030322181060910225, 0.03112223744392395, 0.031922295689582825]}, "_wandb": {"runtime": 3}}