{"Loss": 0.06078417609998077, "epoch": 29999, "_timestamp": 1663209273.6707776, "_runtime": 305.0529685020447, "_step": 2999, "gradients/layers.6.weight": {"_type": "histogram", "values": [1.0, 0.0, 0.0, 1.0, 0.0, 0.0, 2.0, 0.0, 0.0, 3.0, 16.0, 0.0, 0.0, 0.0, 0.0, 0.0, 0.0, 1.0, 0.0, 0.0, 0.0, 0.0, 0.0, 0.0, 0.0, 0.0, 1.0, 1.0, 0.0, 0.0, 2.0, 0.0, 0.0, 1.0, 0.0, 0.0, 1.0, 0.0, 0.0, 0.0, 0.0, 0.0, 0.0, 0.0, 0.0, 0.0, 0.0, 0.0, 0.0, 0.0, 1.0, 0.0, 0.0, 0.0, 0.0, 0.0, 0.0, 0.0, 0.0, 0.0, 0.0, 0.0, 0.0, 1.0], "bins": [-0.4429593086242676, -0.4006057679653168, -0.35825225710868835, -0.31589871644973755, -0.27354520559310913, -0.23119166493415833, -0.18883812427520752, -0.1464846134185791, -0.1041310727596283, -0.061777543276548386, -0.019424013793468475, 0.022929519414901733, 0.06528304517269135, 0.10763657093048096, 0.14999011158943176, 0.19234362244606018, 0.234697163105011, 0.2770507037639618, 0.3194042146205902, 0.361757755279541, 0.40411126613616943, 0.44646480679512024, 0.48881834745407104, 0.5311718583106995, 0.5735254287719727, 0.6158789396286011, 0.6582325100898743, 0.7005860209465027, 0.7429395318031311, 0.7852931022644043, 0.8276466131210327, 0.8700001239776611, 0.9123536348342896, 0.954707145690918, 0.9970607161521912, 1.0394141674041748, 1.0817677974700928, 1.1241213083267212, 1.1664748191833496, 1.208828330039978, 1.2511818408966064, 1.2935353517532349, 1.3358888626098633, 1.3782424926757812, 1.4205960035324097, 1.462949514389038, 1.5053030252456665, 1.547656536102295, 1.590010166168213, 1.6323636770248413, 1.6747171878814697, 1.7170708179473877, 1.7594243288040161, 1.8017778396606445, 1.844131350517273, 1.8864848613739014, 1.9288383722305298, 1.9711918830871582, 2.013545513153076, 2.055898904800415, 2.098252534866333, 2.140605926513672, 2.18295955657959, 2.225313186645508, 2.2676665782928467]}, "gradients/layers.4.weight": {"_type": "histogram", "values": [1.0, 0.0, 1.0, 0.0, 0.0, 0.0, 0.0, 0.0, 0.0, 0.0, 0.0, 0.0, 0.0, 0.0, 0.0, 0.0, 0.0, 0.0, 1.0, 0.0, 0.0, 1.0, 0.0, 0.0, 0.0, 0.0, 1.0, 0.0, 0.0, 2.0, 2.0, 1.0, 472.0, 16.0, 4.0, 4.0, 1.0, 0.0, 1.0, 0.0, 1.0, 0.0, 0.0, 0.0, 1.0, 0.0, 0.0, 0.0, 0.0, 0.0, 0.0, 0.0, 0.0, 0.0, 1.0, 0.0, 0.0, 0.0, 0.0, 0.0, 0.0, 0.0, 0.0, 1.0], "bins": [-0.39614027738571167, -0.38411030173301697, -0.37208032608032227, -0.3600503206253052, -0.3480203449726105, -0.33599036931991577, -0.3239603638648987, -0.311930388212204, -0.2999004125595093, -0.2878704369068146, -0.2758404612541199, -0.2638104557991028, -0.2517804801464081, -0.23975050449371338, -0.22772051393985748, -0.2156905233860016, -0.20366054773330688, -0.19163057208061218, -0.1796005815267563, -0.1675705909729004, -0.1555406153202057, -0.143510639667511, -0.1314806491136551, -0.11945066601037979, -0.10742068290710449, -0.0953906998038292, -0.0833607167005539, -0.0713307335972786, -0.059300750494003296, -0.047270767390728, -0.0352407842874527, -0.0232108011841774, -0.011180788278579712, 0.0008491948246955872, 0.012879177927970886, 0.024909161031246185, 0.036939144134521484, 0.04896912723779678, 0.06099911034107208, 0.07302909344434738, 0.08505907654762268, 0.09708905965089798, 0.10911904275417328, 0.12114902585744858, 0.13317900896072388, 0.14520898461341858, 0.15723897516727448, 0.16926896572113037, 0.18129894137382507, 0.19332891702651978, 0.20535890758037567, 0.21738889813423157, 0.22941887378692627, 0.24144884943962097, 0.2534788250923157, 0.26550883054733276, 0.27753880620002747, 0.28956878185272217, 0.30159878730773926, 0.31362876296043396, 0.32565873861312866, 0.33768871426582336, 0.34971868991851807, 0.36174869537353516, 0.37377867102622986]}, "gradients/layers.2.weight": {"_type": "histogram", "values": [1.0, 0.0, 1.0, 0.0, 0.0, 1.0, 0.0, 0.0, 1.0, 1.0, 0.0, 2.0, 1.0, 2.0, 0.0, 1.0, 0.0, 1.0, 2.0, 1.0, 0.0, 0.0, 0.0, 1.0, 0.0, 0.0, 0.0, 1.0, 0.0, 2.0, 1.0, 3.0, 14.0, 437.0, 12.0, 4.0, 2.0, 0.0, 2.0, 2.0, 0.0, 0.0, 0.0, 0.0, 1.0, 1.0, 1.0, 0.0, 2.0, 1.0, 1.0, 1.0, 0.0, 2.0, 1.0, 1.0, 1.0, 1.0, 0.0, 1.0, 0.0, 0.0, 0.0, 1.0], "bins": [-0.0636787861585617, -0.06176783889532089, -0.05985689163208008, -0.05794594809412956, -0.05603500083088875, -0.054124053567647934, -0.05221310630440712, -0.050302162766456604, -0.04839121550321579, -0.046480268239974976, -0.04456932097673416, -0.042658377438783646, -0.04074743017554283, -0.03883648291230202, -0.0369255356490612, -0.03501459211111069, -0.03310364484786987, -0.03119269758462906, -0.029281752184033394, -0.02737080492079258, -0.025459859520196915, -0.0235489122569561, -0.021637964993715286, -0.01972701959311962, -0.017816070467233658, -0.015905123203992844, -0.013994177803397179, -0.012083230540156364, -0.0101722851395607, -0.008261337876319885, -0.006350391544401646, -0.004439445212483406, -0.002528499811887741, -0.0006175533635541797, 0.0012933930847793818, 0.003204339649528265, 0.005115285981446505, 0.0070262327790260315, 0.008937179110944271, 0.01084812544286251, 0.012759070843458176, 0.014670017175376415, 0.016580963507294655, 0.01849191077053547, 0.020402856171131134, 0.022313803434371948, 0.024224750697612762, 0.026135696098208427, 0.02804664336144924, 0.029957590624690056, 0.03186853602528572, 0.033779483288526535, 0.03569043055176735, 0.037601374089717865, 0.03951232135295868, 0.04142326861619949, 0.04333421587944031, 0.04524516314268112, 0.047156110405921936, 0.04906705394387245, 0.050978001207113266, 0.05288894847035408, 0.054799895733594894, 0.05671083927154541, 0.058621786534786224]}, "gradients/layers.0.weight": {"_type": "histogram", "values": [2.0, 1.0, 0.0, 0.0, 0.0, 1.0, 0.0, 0.0, 0.0, 0.0, 0.0, 0.0, 0.0, 0.0, 0.0, 0.0, 1.0, 0.0, 1.0, 4.0, 3.0, 8.0, 22.0, 447.0, 3.0, 5.0, 3.0, 1.0, 3.0, 1.0, 0.0, 1.0, 0.0, 0.0, 0.0, 0.0, 0.0, 0.0, 0.0, 0.0, 0.0, 0.0, 0.0, 1.0, 0.0, 0.0, 0.0, 0.0, 0.0, 1.0, 0.0, 0.0, 0.0, 0.0, 0.0, 0.0, 0.0, 0.0, 0.0, 1.0, 0.0, 0.0, 1.0, 1.0], "bins": [-0.05708017200231552, -0.05460731312632561, -0.05213445425033569, -0.04966159537434578, -0.047188736498355865, -0.04471587762236595, -0.04224301874637604, -0.039770159870386124, -0.03729730099439621, -0.034824442118406296, -0.03235158324241638, -0.029878724366426468, -0.027405865490436554, -0.02493300661444664, -0.022460147738456726, -0.019987288862466812, -0.017514429986476898, -0.015041571110486984, -0.01256871223449707, -0.010095853358507156, -0.007622994482517242, -0.0051501356065273285, -0.0026772767305374146, -0.0002044178545475006, 0.0022684410214424133, 0.004741299897432327, 0.007214158773422241, 0.009687017649412155, 0.012159876525402069, 0.014632735401391983, 0.017105594277381897, 0.01957845315337181, 0.022051312029361725, 0.02452417090535164, 0.026997029781341553, 0.029469888657331467, 0.03194274753332138, 0.034415606409311295, 0.03688846528530121, 0.03936132416129112, 0.041834183037281036, 0.04430704191327095, 0.046779900789260864, 0.04925275966525078, 0.05172561854124069, 0.054198477417230606, 0.05667133629322052, 0.059144195169210434, 0.06161705404520035, 0.06408990919589996, 0.06656277179718018, 0.06903563439846039, 0.07150848954916, 0.07398134469985962, 0.07645420730113983, 0.07892706990242004, 0.08139992505311966, 0.08387278020381927, 0.08634564280509949, 0.0888185054063797, 0.09129136055707932, 0.09376421570777893, 0.09623707830905914, 0.09870994091033936, 0.10118279606103897]}, "_wandb": {"runtime": 304}}