{"Loss": 0.05486320950829859, "epoch": 49999, "_timestamp": 1663210390.6557128, "_runtime": 500.67967987060547, "_step": 4999, "gradients/layers.6.weight": {"_type": "histogram", "values": [1.0, 0.0, 0.0, 0.0, 0.0, 0.0, 0.0, 0.0, 0.0, 0.0, 0.0, 0.0, 0.0, 0.0, 0.0, 0.0, 0.0, 0.0, 0.0, 0.0, 0.0, 0.0, 0.0, 0.0, 0.0, 0.0, 0.0, 0.0, 0.0, 0.0, 0.0, 0.0, 0.0, 0.0, 0.0, 1.0, 0.0, 0.0, 0.0, 0.0, 1.0, 26.0, 0.0, 0.0, 0.0, 0.0, 1.0, 0.0, 0.0, 0.0, 0.0, 0.0, 0.0, 0.0, 0.0, 0.0, 0.0, 0.0, 0.0, 0.0, 0.0, 0.0, 1.0, 1.0], "bins": [-0.9913152456283569, -0.9671958684921265, -0.943076491355896, -0.9189571142196655, -0.8948377370834351, -0.8707183599472046, -0.8465989828109741, -0.8224796056747437, -0.7983602285385132, -0.7742408514022827, -0.7501214742660522, -0.7260020971298218, -0.7018827199935913, -0.6777633428573608, -0.6536439657211304, -0.6295245885848999, -0.6054051518440247, -0.5812857747077942, -0.5571663975715637, -0.5330470204353333, -0.5089276432991028, -0.4848082661628723, -0.46068885922431946, -0.436569482088089, -0.41245007514953613, -0.38833069801330566, -0.3642113208770752, -0.3400919437408447, -0.31597256660461426, -0.2918531894683838, -0.26773378252983093, -0.24361440539360046, -0.21949505805969238, -0.19537568092346191, -0.17125630378723145, -0.14713691174983978, -0.12301753461360931, -0.09889815747737885, -0.07477876543998718, -0.050659388303756714, -0.026540040969848633, -0.0024206601083278656, 0.0216987207531929, 0.04581810534000397, 0.06993748247623444, 0.0940568596124649, 0.11817625164985657, 0.14229562878608704, 0.1664150357246399, 0.19053441286087036, 0.21465378999710083, 0.2387731820344925, 0.26289254426956177, 0.28701192140579224, 0.3111313283443451, 0.33525070548057556, 0.35937008261680603, 0.3834894597530365, 0.40760883688926697, 0.4317282438278198, 0.4558476209640503, 0.47996699810028076, 0.5040863752365112, 0.5282057523727417, 0.5523251295089722]}, "gradients/layers.4.weight": {"_type": "histogram", "values": [1.0, 0.0, 0.0, 0.0, 0.0, 0.0, 0.0, 0.0, 0.0, 0.0, 0.0, 0.0, 0.0, 0.0, 0.0, 0.0, 0.0, 0.0, 1.0, 1.0, 0.0, 0.0, 1.0, 0.0, 0.0, 1.0, 0.0, 2.0, 1.0, 0.0, 1.0, 1.0, 0.0, 1.0, 485.0, 1.0, 2.0, 1.0, 1.0, 0.0, 2.0, 3.0, 0.0, 0.0, 0.0, 0.0, 0.0, 0.0, 1.0, 1.0, 1.0, 0.0, 0.0, 0.0, 1.0, 0.0, 0.0, 0.0, 0.0, 1.0, 0.0, 0.0, 0.0, 1.0], "bins": [-0.2602745294570923, -0.2526811957359314, -0.2450878918170929, -0.2374945729970932, -0.2299012541770935, -0.2223079353570938, -0.21471461653709412, -0.20712128281593323, -0.19952797889709473, -0.19193466007709503, -0.18434134125709534, -0.17674802243709564, -0.16915470361709595, -0.16156138479709625, -0.15396806597709656, -0.14637473225593567, -0.13878141343593597, -0.13118809461593628, -0.12359477579593658, -0.11600145697593689, -0.1084081381559372, -0.1008148193359375, -0.09322149306535721, -0.08562817424535751, -0.07803484797477722, -0.07044152915477753, -0.06284821033477783, -0.05525488778948784, -0.047661568969488144, -0.04006825014948845, -0.032474927604198456, -0.02488160878419876, -0.017288312315940857, -0.009694992564618587, -0.002101672813296318, 0.005491647869348526, 0.01308496668934822, 0.020678285509347916, 0.02827160805463791, 0.035864926874637604, 0.0434582382440567, 0.051051557064056396, 0.05864487588405609, 0.06623819470405579, 0.07383151352405548, 0.08142483234405518, 0.08901815861463547, 0.09661147743463516, 0.10420480370521545, 0.11179812252521515, 0.11939144134521484, 0.12698476016521454, 0.13457807898521423, 0.14217139780521393, 0.14976471662521362, 0.1573580503463745, 0.164951354265213, 0.1725446730852127, 0.1801379919052124, 0.1877313107252121, 0.1953246295452118, 0.2029179483652115, 0.21051126718521118, 0.21810460090637207, 0.22569791972637177]}, "gradients/layers.2.weight": {"_type": "histogram", "values": [1.0, 0.0, 0.0, 0.0, 0.0, 1.0, 0.0, 0.0, 1.0, 0.0, 0.0, 0.0, 0.0, 0.0, 0.0, 2.0, 0.0, 0.0, 0.0, 0.0, 0.0, 1.0, 0.0, 0.0, 0.0, 1.0, 0.0, 0.0, 0.0, 0.0, 2.0, 1.0, 1.0, 2.0, 1.0, 2.0, 1.0, 8.0, 6.0, 5.0, 418.0, 22.0, 12.0, 5.0, 1.0, 1.0, 1.0, 0.0, 2.0, 2.0, 0.0, 2.0, 0.0, 0.0, 1.0, 1.0, 0.0, 1.0, 0.0, 2.0, 3.0, 1.0, 0.0, 1.0], "bins": [-0.04468227177858353, -0.04358392581343651, -0.04248557984828949, -0.04138723015785217, -0.040288884192705154, -0.039190538227558136, -0.03809219226241112, -0.0369938462972641, -0.03589550033211708, -0.03479715436697006, -0.033698808401823044, -0.032600462436676025, -0.03150211274623871, -0.03040376678109169, -0.02930542081594467, -0.028207074850797653, -0.027108727023005486, -0.026010381057858467, -0.0249120332300663, -0.02381368726491928, -0.022715341299772263, -0.021616995334625244, -0.020518647506833076, -0.019420301541686058, -0.01832195371389389, -0.017223607748746872, -0.016125259920954704, -0.015026913955807686, -0.013928567990660667, -0.012830221094191074, -0.011731874197721481, -0.010633528232574463, -0.009535180404782295, -0.008436833508312702, -0.007338487543165684, -0.006240140646696091, -0.005141794215887785, -0.004043447785079479, -0.002945100888609886, -0.0018467544578015804, -0.0007484089583158493, 0.00034993758890777826, 0.0014482841361314058, 0.0025466307997703552, 0.003644977230578661, 0.004743323661386967, 0.00584167055785656, 0.0069400169886648655, 0.008038364350795746, 0.009136711247265339, 0.010235057212412357, 0.01133340410888195, 0.012431750074028969, 0.013530096970498562, 0.014628443866968155, 0.015726789832115173, 0.016825135797262192, 0.01792348176240921, 0.019021829590201378, 0.020120175555348396, 0.021218521520495415, 0.022316869348287582, 0.0234152153134346, 0.02451356127858162, 0.025611909106373787]}, "gradients/layers.0.weight": {"_type": "histogram", "values": [1.0, 0.0, 1.0, 1.0, 2.0, 1.0, 1.0, 1.0, 2.0, 1.0, 1.0, 2.0, 1.0, 0.0, 0.0, 0.0, 1.0, 2.0, 1.0, 2.0, 0.0, 2.0, 0.0, 5.0, 3.0, 6.0, 446.0, 6.0, 1.0, 2.0, 1.0, 2.0, 0.0, 1.0, 1.0, 1.0, 1.0, 0.0, 0.0, 1.0, 0.0, 0.0, 2.0, 2.0, 0.0, 2.0, 1.0, 1.0, 0.0, 0.0, 0.0, 3.0, 0.0, 0.0, 0.0, 0.0, 0.0, 0.0, 0.0, 0.0, 0.0, 0.0, 0.0, 1.0], "bins": [-0.023748407140374184, -0.02284771390259266, -0.021947022527456284, -0.02104632928967476, -0.020145636051893234, -0.01924494281411171, -0.018344251438975334, -0.01744355820119381, -0.016542866826057434, -0.01564217358827591, -0.01474148128181696, -0.01384078897535801, -0.012940095737576485, -0.012039403431117535, -0.011138711124658585, -0.01023801788687706, -0.009337324649095535, -0.008436632342636585, -0.007535939104855061, -0.0066352467983961105, -0.005734554026275873, -0.004833861254155636, -0.003933168947696686, -0.0030324761755764484, -0.0021317843347787857, -0.0012310916790738702, -0.00033039902336895466, 0.000570293515920639, 0.0014709862880408764, 0.0023716790601611137, 0.0032723713666200638, 0.004173064138740301, 0.005073755979537964, 0.005974448751658201, 0.006875141523778439, 0.007775833830237389, 0.008676527068018913, 0.009577219374477863, 0.010477911680936813, 0.011378604918718338, 0.012279298156499863, 0.013179990462958813, 0.014080683700740337, 0.014981376007199287, 0.015882069244980812, 0.016782760620117188, 0.017683453857898712, 0.018584147095680237, 0.019484838470816612, 0.020385531708598137, 0.021286223083734512, 0.022186916321516037, 0.02308760955929756, 0.023988302797079086, 0.02488899417221546, 0.025789687409996986, 0.026690378785133362, 0.027591072022914886, 0.028491763398051262, 0.029392456635832787, 0.03029314987361431, 0.031193841248750687, 0.03209453448653221, 0.032995227724313736, 0.03389592096209526]}, "_wandb": {"runtime": 499}}